run_id,路徑,批次,log_mtime,指令列,起點npz,段,sheet_mm,thick,cont,rest,layer,hold,tip,anchor,release,bend,bbox_x,bbox_y,bbox_z,自穿模(S1),邊長比中位,邊長比最大,壓住z,放開z,入箱布超出,入箱杯超出,超出分項(x/y/底/口),杯心xyz,搬箱相對位移,搬前超出,搬後超出,W1,W3,層數中位,層間距中位,疊層總厚,影片路徑,有效性,備註,stdout來源,kind,vol_四折後bbox,vol_收耳後bbox,vol_關蓋後bbox,vol_體積÷杯,vol_開蓋後布頂z,vol_開蓋後布頂z99,vol_箱口z,vol_覆蓋率,vol_自互穿max,vol_穿杯max,vol_反轉max,vol_邊長比min,vol_體積比range,vol_關蓋超出,vol_搬前分項,vol_搬後分項,vol_杯搬箱位移,vol_E,vol_tuck,vol_wall_s,vol_來源
out_c1,runs/01_baseline/out_c1,01_baseline,09-30 01:50,,,c1*,586,10,,,8,,,,,,596,198,125,13,1.000,1.995,,,,,,"(0,0,53)",,,,100,100,1.0,5.46,18.14,runs/01_baseline/out_c1/wrap.mp4,valid,,,surface,,,,,,,,,,,,,,,,,,,,,
out_c2,runs/01_baseline/out_c2,01_baseline,09-30 02:05,,out_c1/wrap.npz(log),c2*,586,10,,,8,,,,,,206,201,164,349,1.003,2.042,,,,,,"(0,0,53)",,,,100,100,6.0,7.04,60.18,runs/01_baseline/out_c2/wrap.mp4,valid,,,surface,,,,,,,,,,,,,,,,,,,,,
v1_c1,runs/02_offsets/v1_c1,02_offsets,09-30 02:10,--tex bubble_normal.png --wrapsim --wrap_edge --wrap_n 2 --layer_mm 8 --young 2e4 --bend 4 --cont 0.002 --rest 0.0002 --out v1_c1,,c1,586,10,2.0,0.20,8,,,,,4,585,194,129,104,0.999,1.838,,,,,,"(0,0,53)",,,,100,100,1.0,5.44,16.09,runs/02_offsets/v1_c1/wrap.mp4,"invalid:互穿,高度不可信(自穿模上百~上千)",,runs/02_offsets/_stdout_scratchpad/v1_c1.stdout,surface,,,,,,,,,,,,,,,,,,,,,
v2_c1,runs/02_offsets/v2_c1,02_offsets,09-30 02:10,--tex bubble_normal.png --wrapsim --wrap_edge --wrap_n 2 --layer_mm 4 --young 2e4 --bend 4 --cont 0.002 --rest 0.0002 --thick 0.004 --out v2_c1,,c1,586,4,2.0,0.20,4,,,,,4,586,189,125,288,1.001,1.951,,,,,,"(0,0,50)",,,,100,100,1.0,7.13,20.65,runs/02_offsets/v2_c1/wrap.mp4,"invalid:互穿,高度不可信(自穿模上百~上千)",,runs/02_offsets/_stdout_scratchpad/v2_c1.stdout,surface,,,,,,,,,,,,,,,,,,,,,
v3_c1,runs/02_offsets/v3_c1,02_offsets,09-30 02:11,--tex bubble_normal.png --wrapsim --wrap_edge --wrap_n 2 --layer_mm 8 --young 2e4 --bend 4 --cont 0.002 --rest 0.0002 --solver 128 --col_iter_mult 2 --out v3_c1,,c1,586,10,2.0,0.20,8,,,,,4,585,189,131,59,0.999,1.700,,,,,,"(0,0,53)",,,,100,100,1.0,8.03,19.76,runs/02_offsets/v3_c1/wrap.mp4,"invalid:互穿,高度不可信(自穿模上百~上千)",,runs/02_offsets/run_v3_c1.stdout,surface,,,,,,,,,,,,,,,,,,,,,
out_bl_c2,runs/01_baseline/out_bl_c2,01_baseline,09-30 02:11,--tex bubble_normal.png --wrapsim --stage2 --init_npz out_c1/wrap.npz --layer_mm 8 --young 2e4 --bend 4 --out out_bl_c2,out_c1/wrap.npz,c2,586,10,5.0,1.00,8,,,,,4,214,198,162,257,1.001,2.271,,,,,,"(0,0,53)",,,,100,100,5.0,6.88,54.26,runs/01_baseline/out_bl_c2/wrap.mp4,valid,,runs/01_baseline/_stdout_scratchpad/bl_c2.stdout,surface,,,,,,,,,,,,,,,,,,,,,
v1_c2,runs/02_offsets/v1_c2,02_offsets,09-30 02:12,--tex bubble_normal.png --wrapsim --stage2 --init_npz v1_c1/wrap.npz --layer_mm 8 --young 2e4 --bend 4 --cont 0.002 --rest 0.0002 --out v1_c2,v1_c1/wrap.npz,c2,586,10,2.0,0.20,8,,,,,4,229,187,144,1430,0.999,1.957,,,,,,"(0,0,53)",,,,100,100,5.0,5.77,43.56,runs/02_offsets/v1_c2/wrap.mp4,"invalid:互穿,高度不可信(自穿模上百~上千)",,runs/02_offsets/_stdout_scratchpad/v1_c2.stdout,surface,,,,,,,,,,,,,,,,,,,,,
v2_c2,runs/02_offsets/v2_c2,02_offsets,09-30 02:13,--tex bubble_normal.png --wrapsim --stage2 --init_npz v2_c1/wrap.npz --layer_mm 4 --young 2e4 --bend 4 --cont 0.002 --rest 0.0002 --thick 0.004 --out v2_c2,v2_c1/wrap.npz,c2,586,4,2.0,0.20,4,,,,,4,220,205,147,2237,1.001,1.899,,,,,,"(0,0,50)",,,,100,100,5.0,6.10,42.80,runs/02_offsets/v2_c2/wrap.mp4,"invalid:互穿,高度不可信(自穿模上百~上千)",,runs/02_offsets/_stdout_scratchpad/v2_c2.stdout,surface,,,,,,,,,,,,,,,,,,,,,
v1_c3,runs/02_offsets/v1_c3,02_offsets,09-30 02:14,"--tex bubble_normal.png --wrapsim --init_npz v1_c2/wrap.npz --layer_mm 12 --young 2e4 --bend 4 --cont 0.002 --rest 0.0002 --press6 250,210,115 --out v1_c3",v1_c2/wrap.npz,c3,586,10,2.0,0.20,12,,,,,4,236,192,132,2403,0.999,2.357,132,132,,,,"(0,0,53)",,,,100,100,5.0,3.24,25.64,runs/02_offsets/v1_c3/wrap.mp4,"invalid:互穿,高度不可信(自穿模上百~上千)",,runs/02_offsets/_stdout_scratchpad/v1_c3.stdout,surface,,,,,,,,,,,,,,,,,,,,,
v2_c3,runs/02_offsets/v2_c3,02_offsets,09-30 02:14,"--tex bubble_normal.png --wrapsim --init_npz v2_c2/wrap.npz --layer_mm 6 --young 2e4 --bend 4 --cont 0.002 --rest 0.0002 --thick 0.004 --press6 250,210,110 --out v2_c3",v2_c2/wrap.npz,c3,586,4,2.0,0.20,6,,,,,4,234,190,124,3488,1.000,1.932,124,124,,,,"(0,0,50)",,,,100,100,5.0,3.42,23.07,runs/02_offsets/v2_c3/wrap.mp4,"invalid:互穿,高度不可信(自穿模上百~上千)",,runs/02_offsets/_stdout_scratchpad/v2_c3.stdout,surface,,,,,,,,,,,,,,,,,,,,,
v3_c2,runs/02_offsets/v3_c2,02_offsets,09-30 02:14,--tex bubble_normal.png --wrapsim --stage2 --init_npz v3_c1/wrap.npz --layer_mm 8 --young 2e4 --bend 4 --cont 0.002 --rest 0.0002 --solver 128 --col_iter_mult 2 --out v3_c2,v3_c1/wrap.npz,c2,586,10,2.0,0.20,8,,,,,4,203,202,165,2185,1.001,1.905,,,,,,"(0,0,53)",,,,100,100,6.0,6.76,47.94,runs/02_offsets/v3_c2/wrap.mp4,"invalid:互穿,高度不可信(自穿模上百~上千)",,runs/02_offsets/run_v3_c2.stdout,surface,,,,,,,,,,,,,,,,,,,,,
out_bl_c3,runs/01_baseline/out_bl_c3,01_baseline,09-30 02:14,"--tex bubble_normal.png --wrapsim --init_npz out_bl_c2/wrap.npz --layer_mm 12 --young 2e4 --bend 4 --press6 250,210,115 --out out_bl_c3",out_bl_c2/wrap.npz,c3,586,10,5.0,1.00,12,,,,,4,216,195,163,512,1.002,2.504,138,163,,,,"(0,0,53)",,,,100,100,4.0,8.63,47.96,runs/01_baseline/out_bl_c3/wrap.mp4,valid,,runs/01_baseline/_stdout_scratchpad/bl_c3.stdout,surface,,,,,,,,,,,,,,,,,,,,,
out_bl_box,runs/01_baseline/out_bl_box,01_baseline,09-30 02:16,--tex bubble_normal.png --wrapsim --init_npz out_bl_c3/wrap.npz --carton carton_w131.usd --close_lid --layer_mm 12 --young 2e4 --bend 4 --out out_bl_box,out_bl_c3/wrap.npz,box,586,10,5.0,1.00,12,12.0,0.0,on,,4,223,197,170,513,1.001,2.503,,,148,0,0/0/0/148,"(-11,-6,55)",,,,100,100,4.0,10.81,52.64,runs/01_baseline/out_bl_box/wrap.mp4,"invalid:缺 carton meta,蓋子沒動(階段名照印)",,runs/01_baseline/_stdout_scratchpad/bl_box.stdout,surface,,,,,,,,,,,,,,,,,,,,,
v3_c3,runs/02_offsets/v3_c3,02_offsets,09-30 02:16,"--tex bubble_normal.png --wrapsim --init_npz v3_c2/wrap.npz --layer_mm 12 --young 2e4 --bend 4 --cont 0.002 --rest 0.0002 --solver 128 --col_iter_mult 2 --press6 250,210,115 --out v3_c3",v3_c2/wrap.npz,c3,586,10,2.0,0.20,12,12.0,0.0,on,,4,202,192,139,3726,1.000,2.031,139,139,,,,"(0,0,53)",,,,100,100,5.0,4.05,25.87,runs/02_offsets/v3_c3/wrap.mp4,"invalid:互穿,高度不可信(自穿模上百~上千)",,runs/02_offsets/run_v3_c3.stdout,surface,,,,,,,,,,,,,,,,,,,,,
v4b_c3,runs/03_anchor/v4b_c3,03_anchor,09-30 02:17,"--tex bubble_normal.png --wrapsim --init_npz out_c2/wrap.npz --layer_mm 12 --young 2e4 --bend 4 --press6 250,210,115 --no_anchor --out v4b_c3",out_c2/wrap.npz,c3,586,10,5.0,1.00,12,12.0,0.0,none,,4,221,210,149,519,1.002,2.075,117,149,,,,"(0,0,53)",,,,100,100,4.0,7.80,41.04,runs/03_anchor/v4b_c3/wrap.mp4,valid,log 帶有 sleep(未加 --no_sleepy),runs/03_anchor/_stdout_scratchpad/v4b_c3.stdout,surface,,,,,,,,,,,,,,,,,,,,,
v3b_c1,runs/02_offsets/v3b_c1,02_offsets,09-30 02:18,--tex bubble_normal.png --wrapsim --wrap_edge --wrap_n 2 --layer_mm 8 --young 2e4 --bend 4 --cont 0.002 --rest 0.0002 --ccd --out v3b_c1,,c1,586,10,2.0,0.20,8,12.0,0.0,on,,4,588,199,131,118,1.000,1.826,,,,,,"(0,0,53)",,,,100,100,1.0,6.66,17.02,runs/02_offsets/v3b_c1/wrap.mp4,"invalid:互穿,高度不可信(自穿模上百~上千)",,runs/02_offsets/run_v3b_c1.stdout,surface,,,,,,,,,,,,,,,,,,,,,
out_bl_boxmeta,runs/01_baseline/out_bl_boxmeta,01_baseline,09-30 02:19,--tex bubble_normal.png --wrapsim --init_npz out_bl_c3/wrap.npz --carton carton.usd --close_lid --layer_mm 12 --young 2e4 --bend 4 --out out_bl_boxmeta,out_bl_c3/wrap.npz,box,586,10,5.0,1.00,12,12.0,0.0,on,,4,274,198,115,4728,1.003,2.667,,,82,0,7/0/75/0,"(-11,-6,55)",,,,100,100,1.0,4.01,9.74,runs/01_baseline/out_bl_boxmeta/wrap.mp4,"invalid:蓋子 USD 預設=關,t=0 就壓扁包裹",,runs/01_baseline/_stdout_scratchpad/bl_boxmeta.stdout,surface,,,,,,,,,,,,,,,,,,,,,
v4a_c1,runs/03_anchor/v4a_c1,03_anchor,09-30 02:20,--tex bubble_normal.png --wrapsim --wrap_edge --wrap_n 2 --layer_mm 3 --young 2e4 --bend 4 --hold_mm 2 --thick 0.004 --cont 0.002 --rest 0.0002 --out v4a_c1,,c1,586,4,2.0,0.20,3,2.0,0.0,on,,4,584,180,116,413,1.001,1.441,,,,,,"(0,0,50)",,,,100,100,1.0,4.06,14.78,runs/03_anchor/v4a_c1/wrap.mp4,"invalid:互穿,高度不可信(自穿模上百~上千)",,runs/03_anchor/_stdout_scratchpad/v4a_c1.stdout,surface,,,,,,,,,,,,,,,,,,,,,
v4a_c2,runs/03_anchor/v4a_c2,03_anchor,09-30 02:24,--tex bubble_normal.png --wrapsim --stage2 --init_npz v4a_c1/wrap.npz --layer_mm 3 --young 2e4 --bend 4 --hold_mm 2 --thick 0.004 --cont 0.002 --rest 0.0002 --out v4a_c2,v4a_c1/wrap.npz,c2,586,4,2.0,0.20,3,2.0,0.0,on,,4,210,220,138,1796,1.000,2.270,,,,,,"(0,0,50)",,,,100,100,4.0,5.04,33.57,runs/03_anchor/v4a_c2/wrap.mp4,"invalid:互穿,高度不可信(自穿模上百~上千)",,runs/03_anchor/_stdout_scratchpad/v4a_c2.stdout,surface,,,,,,,,,,,,,,,,,,,,,
v4a_c3,runs/03_anchor/v4a_c3,03_anchor,09-30 02:25,"--tex bubble_normal.png --wrapsim --init_npz v4a_c2/wrap.npz --layer_mm 3 --young 2e4 --bend 4 --hold_mm 2 --thick 0.004 --cont 0.002 --rest 0.0002 --press6 250,210,110 --no_anchor --out v4a_c3",v4a_c2/wrap.npz,c3,586,4,2.0,0.20,3,2.0,0.0,none,,4,218,206,114,2566,0.999,2.390,114,114,,,,"(0,0,50)",,,,100,100,4.0,4.00,21.65,runs/03_anchor/v4a_c3/wrap.mp4,invalid:sleep 凍住(另有互穿),,runs/03_anchor/_stdout_scratchpad/v4a_c3.stdout,surface,,,,,,,,,,,,,,,,,,,,,
v4c_c1,runs/03_anchor/v4c_c1,03_anchor,09-30 02:27,--tex bubble_normal.png --wrapsim --wrap_edge --wrap_n 2 --layer_mm 3 --young 2e4 --bend 4 --hold_mm 2 --thick 0.004 --cont 0.002 --rest 0.0002 --tip_over_mm 40 --out v4c_c1,,c1,586,4,2.0,0.20,3,2.0,40.0,on,,4,584,165,122,134,1.000,2.359,,,,,,"(0,0,50)",,,,100,100,2.0,6.57,15.68,runs/03_anchor/v4c_c1/wrap.mp4,valid,,runs/03_anchor/_stdout_scratchpad/v4c_c1.stdout,surface,,,,,,,,,,,,,,,,,,,,,
v4a_c3_nosleep,runs/03_anchor/v4a_c3_nosleep,03_anchor,09-30 02:33,"--tex bubble_normal.png --wrapsim --init_npz v4a_c2/wrap.npz --layer_mm 3 --young 2e4 --bend 4 --hold_mm 2 --thick 0.004 --cont 0.002 --rest 0.0002 --press6 250,210,110 --no_anchor --no_sleepy --out v4a_c3_nosleep",v4a_c2/wrap.npz,c3,586,4,2.0,0.20,3,2.0,0.0,none,,4,217,209,127,2336,1.000,2.279,114,127,,,,"(0,0,50)",,,,100,100,4.0,3.76,24.68,runs/03_anchor/v4a_c3_nosleep/wrap.mp4,"invalid:互穿,高度不可信(自穿模上百~上千)",,runs/03_anchor/_stdout_scratchpad/v4a_c3_nosleep.stdout,surface,,,,,,,,,,,,,,,,,,,,,
r_c1,runs/05_tipover_thin/r_c1,05_tipover_thin,09-30 02:39,--tex bubble_normal.png --wrapsim --wrap_edge --wrap_n 2 --layer_mm 4 --young 2e4 --bend 4 --thick 0.004 --cont 0.005 --rest 0.0002 --hold_mm 2 --tip_over_mm 40 --out r_c1,,c1,586,4,5.0,0.20,4,2.0,40.0,on,,4,589,174,113,97,1.001,2.156,,,,,,"(0,0,50)",,,,100,100,2.0,6.89,14.12,runs/05_tipover_thin/r_c1/wrap.mp4,"invalid:互穿,高度不可信(自穿模上百~上千)",,runs/05_tipover_thin/run_r_c1.stdout,surface,,,,,,,,,,,,,,,,,,,,,
s_c1,runs/05_tipover_thin/s_c1,05_tipover_thin,09-30 02:40,--tex bubble_normal.png --wrapsim --wrap_edge --wrap_n 2 --layer_mm 4 --young 2e4 --thick 0.004 --cont 0.005 --rest 0.0002 --hold_mm 2 --tip_over_mm 40 --bend 1 --out s_c1,,c1,586,4,5.0,0.20,4,2.0,40.0,on,,1,579,184,114,111,1.000,2.451,,,,,,"(0,0,50)",,,,100,100,2.0,4.22,10.25,runs/05_tipover_thin/s_c1/wrap.mp4,"invalid:互穿,高度不可信(自穿模上百~上千)",,runs/05_tipover_thin/_stdout_scratchpad/s_c1.stdout,surface,,,,,,,,,,,,,,,,,,,,,
q_c1,runs/05_tipover_thin/q_c1,05_tipover_thin,09-30 02:40,--tex bubble_normal.png --wrapsim --wrap_edge --wrap_n 2 --layer_mm 8 --young 2e4 --bend 4 --tip_over_mm 40 --out q_c1,,c1,586,10,5.0,1.00,8,12.0,40.0,on,,4,592,157,122,2,1.001,2.217,,,,,,"(0,0,53)",,,,100,100,2.0,4.37,11.58,runs/05_tipover_thin/q_c1/wrap.mp4,valid,,runs/05_tipover_thin/run_q_c1.stdout,surface,,,,,,,,,,,,,,,,,,,,,
p0_base,runs/04_press_isolate/p0_base,04_press_isolate,09-30 02:41,"--tex bubble_normal.png --wrapsim --init_npz out_bl_c2/wrap.npz --layer_mm 12 --young 2e4 --press6 250,210,115 --no_anchor --no_sleepy --press_off 6 --bend 4 --out p0_base",out_bl_c2/wrap.npz,c3,586,10,5.0,1.00,12,12.0,0.0,none,,4,224,211,142,394,0.999,2.318,117,141,,,,"(0,0,53)",,,,100,100,4.0,8.81,35.80,runs/04_press_isolate/p0_base/wrap.mp4,valid,,runs/04_press_isolate/_stdout_scratchpad/p0_base.stdout,surface,,,,,,,,,,,,,,,,,,,,,
r_c2,runs/05_tipover_thin/r_c2,05_tipover_thin,09-30 02:42,--tex bubble_normal.png --wrapsim --stage2 --init_npz r_c1/wrap.npz --layer_mm 4 --young 2e4 --bend 4 --thick 0.004 --cont 0.005 --rest 0.0002 --hold_mm 2 --tip_over_mm 40 --out r_c2,r_c1/wrap.npz,c2,586,4,5.0,0.20,4,2.0,40.0,on,,4,207,178,147,2456,1.002,2.209,,,,,,"(0,0,50)",,,,100,100,8.0,3.67,35.97,runs/05_tipover_thin/r_c2/wrap.mp4,"invalid:互穿,高度不可信(自穿模上百~上千)",,runs/05_tipover_thin/run_r_c2.stdout,surface,,,,,,,,,,,,,,,,,,,,,
s_c2,runs/05_tipover_thin/s_c2,05_tipover_thin,09-30 02:43,--tex bubble_normal.png --wrapsim --stage2 --init_npz s_c1/wrap.npz --layer_mm 4 --young 2e4 --thick 0.004 --cont 0.005 --rest 0.0002 --hold_mm 2 --tip_over_mm 40 --bend 1 --out s_c2,s_c1/wrap.npz,c2,586,4,5.0,0.20,4,2.0,40.0,on,,1,185,185,136,3590,1.003,2.608,,,,,,"(0,0,50)",,,,100,100,8.0,3.39,35.94,runs/05_tipover_thin/s_c2/wrap.mp4,"invalid:互穿,高度不可信(自穿模上百~上千)",,runs/05_tipover_thin/_stdout_scratchpad/s_c2.stdout,surface,,,,,,,,,,,,,,,,,,,,,
q_c2,runs/05_tipover_thin/q_c2,05_tipover_thin,09-30 02:43,--tex bubble_normal.png --wrapsim --stage2 --init_npz q_c1/wrap.npz --layer_mm 8 --young 2e4 --bend 4 --tip_over_mm 40 --out q_c2,q_c1/wrap.npz,c2,586,10,5.0,1.00,8,12.0,40.0,on,,4,201,195,158,55,1.006,2.349,,,,,,"(0,0,53)",,,,100,100,6.0,6.57,51.93,runs/05_tipover_thin/q_c2/wrap.mp4,valid,,runs/05_tipover_thin/run_q_c2.stdout,surface,,,,,,,,,,,,,,,,,,,,,
p1_rest,runs/04_press_isolate/p1_rest,04_press_isolate,09-30 02:45,"--tex bubble_normal.png --wrapsim --init_npz out_bl_c2/wrap.npz --layer_mm 12 --young 2e4 --press6 250,210,115 --no_anchor --no_sleepy --press_off 6 --bend 4 --rest 0.0002 --out p1_rest",out_bl_c2/wrap.npz,c3,586,10,5.0,0.20,12,12.0,0.0,none,,4,224,203,143,888,1.000,2.275,119,143,,,,"(0,0,53)",,,,100,100,4.0,4.07,28.09,runs/04_press_isolate/p1_rest/wrap.mp4,valid,,runs/04_press_isolate/_stdout_scratchpad/p1_rest.stdout,surface,,,,,,,,,,,,,,,,,,,,,
r_c3,runs/05_tipover_thin/r_c3,05_tipover_thin,09-30 02:47,"--tex bubble_normal.png --wrapsim --init_npz r_c2/wrap.npz --layer_mm 4 --young 2e4 --bend 4 --thick 0.004 --cont 0.005 --rest 0.0002 --hold_mm 2 --tip_over_mm 40 --press6 250,210,110 --no_anchor --no_sleepy --press_off 6 --out r_c3",r_c2/wrap.npz,c3,586,4,5.0,0.20,4,2.0,40.0,none,,4,214,188,124,3317,1.001,2.183,114,124,,,,"(0,0,50)",,,,100,100,8.0,2.55,25.13,runs/05_tipover_thin/r_c3/wrap.mp4,"invalid:互穿,高度不可信(自穿模上百~上千)",,runs/05_tipover_thin/run_r_c3.stdout,surface,,,,,,,,,,,,,,,,,,,,,
s_c3,runs/05_tipover_thin/s_c3,05_tipover_thin,09-30 02:47,"--tex bubble_normal.png --wrapsim --init_npz s_c2/wrap.npz --layer_mm 4 --young 2e4 --thick 0.004 --cont 0.005 --rest 0.0002 --hold_mm 2 --tip_over_mm 40 --bend 1 --press6 250,210,110 --no_anchor --no_sleepy --press_off 6 --out s_c3",s_c2/wrap.npz,c3,586,4,5.0,0.20,4,2.0,40.0,none,,1,186,200,130,4316,1.003,2.673,114,130,,,,"(0,0,50)",,,,100,100,7.0,2.95,26.93,runs/05_tipover_thin/s_c3/wrap.mp4,"invalid:互穿,高度不可信(自穿模上百~上千)",,runs/05_tipover_thin/_stdout_scratchpad/s_c3.stdout,surface,,,,,,,,,,,,,,,,,,,,,
q_c3,runs/05_tipover_thin/q_c3,05_tipover_thin,09-30 02:47,"--tex bubble_normal.png --wrapsim --init_npz q_c2/wrap.npz --layer_mm 12 --young 2e4 --bend 4 --press6 250,210,115 --no_anchor --no_sleepy --press_off 6 --out q_c3",q_c2/wrap.npz,c3,586,10,5.0,1.00,12,12.0,0.0,none,,4,247,205,133,144,1.005,2.384,117,133,,,,"(0,0,53)",,,,100,100,4.0,6.67,31.02,runs/05_tipover_thin/q_c3/wrap.mp4,valid,,runs/05_tipover_thin/run_q_c3.stdout,surface,,,,,,,,,,,,,,,,,,,,,
p2_bend1,runs/04_press_isolate/p2_bend1,04_press_isolate,09-30 02:49,"--tex bubble_normal.png --wrapsim --init_npz out_bl_c2/wrap.npz --layer_mm 12 --young 2e4 --press6 250,210,115 --no_anchor --no_sleepy --press_off 6 --bend 1 --out p2_bend1",out_bl_c2/wrap.npz,c3,586,10,5.0,1.00,12,12.0,0.0,none,never,1,233,217,152,433,1.001,2.280,117,152,,,,"(0,0,53)",,,,100,100,4.0,8.50,46.36,runs/04_press_isolate/p2_bend1/wrap.mp4,valid,,runs/04_press_isolate/_stdout_scratchpad/p2_bend1.stdout,surface,,,,,,,,,,,,,,,,,,,,,
t_c1_bad,runs/06_release/t_c1_bad,06_release,09-30 02:50,--tex bubble_normal.png --wrapsim --wrap_edge --wrap_n 2 --layer_mm 8 --young 2e4 --bend 4 --tip_over_mm 40 --release_after 0.3 --out t_c1,,c1,586,10,5.0,1.00,8,12.0,40.0,on,0.30s,4,175,117,87,19864,0.997,2.132,,,,,,"(0,0,53)",,,,0,6,0.0,,,runs/06_release/t_c1_bad/wrap.mp4,"invalid:放手時方塊掃過布(bbox z 2343),09-30 改 RemovePrim 前的舊版",,runs/06_release/_stdout_scratchpad/t_c1.stdout,surface,,,,,,,,,,,,,,,,,,,,,
t2_c1_bad,runs/06_release/t2_c1_bad,06_release,09-30 02:50,--tex bubble_normal.png --wrapsim --wrap_edge --wrap_n 2 --layer_mm 8 --young 2e4 --tip_over_mm 40 --release_after 0.3 --bend 1 --out t2_c1,,c1,586,10,5.0,1.00,8,12.0,40.0,on,0.30s,1,149,148,113,13754,0.998,1.975,,,,,,"(0,0,53)",,,,0,0,0.0,,,runs/06_release/t2_c1_bad/wrap.mp4,"invalid:放手時方塊掃過布(bbox z 2343),09-30 改 RemovePrim 前的舊版",,runs/06_release/_stdout_scratchpad/run_t2_c1_bad_oldrelease.stdout,surface,,,,,,,,,,,,,,,,,,,,,
p3_rest_bend1,runs/04_press_isolate/p3_rest_bend1,04_press_isolate,09-30 02:52,"--tex bubble_normal.png --wrapsim --init_npz out_bl_c2/wrap.npz --layer_mm 12 --young 2e4 --press6 250,210,115 --no_anchor --no_sleepy --press_off 6 --bend 1 --rest 0.0002 --out p3_rest_bend1",out_bl_c2/wrap.npz,c3,586,10,5.0,0.20,12,12.0,0.0,none,never,1,234,205,137,897,1.001,2.275,119,137,,,,"(0,0,53)",,,,100,100,4.0,4.67,28.75,runs/04_press_isolate/p3_rest_bend1/wrap.mp4,valid,,runs/04_press_isolate/_stdout_scratchpad/p3_rest_bend1.stdout,surface,,,,,,,,,,,,,,,,,,,,,
t2_c2_bad,runs/06_release/t2_c2_bad,06_release,09-30 02:53,--tex bubble_normal.png --wrapsim --stage2 --no_hold --init_npz t2_c1/wrap.npz --layer_mm 8 --young 2e4 --tip_over_mm 40 --release_after 0.3 --bend 1 --out t2_c2,t2_c1/wrap.npz,c2,586,10,5.0,1.00,8,12.0,40.0,on,0.30s,1,233,171,108,11351,1.001,2.156,,,,,,"(0,0,53)",,,,19,15,0.0,,0.07,runs/06_release/t2_c2_bad/wrap.mp4,invalid:起點是 t2_c1_bad(方塊掃布),,runs/06_release/_stdout_scratchpad/run_t2_c2_bad_oldrelease.stdout,surface,,,,,,,,,,,,,,,,,,,,,
t_c2_bad,runs/06_release/t_c2_bad,06_release,09-30 02:54,--tex bubble_normal.png --wrapsim --stage2 --no_hold --init_npz t_c1/wrap.npz --layer_mm 8 --young 2e4 --bend 4 --tip_over_mm 40 --release_after 0.3 --out t_c2,t_c1/wrap.npz,c2,586,10,5.0,1.00,8,12.0,40.0,on,0.30s,4,108,165,135,18402,1.002,2.897,,,,,,"(0,0,53)",,,,9,21,0.0,,8.88,runs/06_release/t_c2_bad/wrap.mp4,invalid:起點是 t_c1_bad(方塊掃布),,runs/06_release/_stdout_scratchpad/t_c2.stdout,surface,,,,,,,,,,,,,,,,,,,,,
t2_c1,runs/06_release/t2_c1,06_release,09-30 02:55,--tex bubble_normal.png --wrapsim --wrap_edge --wrap_n 2 --layer_mm 8 --young 2e4 --tip_over_mm 40 --release_after 0.3 --bend 1 --out t2_c1,,c1,586,10,5.0,1.00,8,12.0,40.0,on,0.30s,1,578,179,113,3,1.000,1.094,,,,,,"(0,0,53)",,,,100,100,2.0,4.32,11.16,runs/06_release/t2_c1/wrap.mp4,valid,,runs/06_release/_stdout_scratchpad/run_t2_c1.stdout,surface,,,,,,,,,,,,,,,,,,,,,
u_c1,runs/05_tipover_thin/u_c1,05_tipover_thin,09-30 02:55,--tex bubble_normal.png --wrapsim --wrap_edge --wrap_n 2 --layer_mm 5 --young 2e4 --bend 4 --thick 0.004 --tip_over_mm 40 --hold_mm 6 --out u_c1,,c1,586,4,5.0,1.00,5,6.0,40.0,on,never,4,600,164,116,3,1.000,1.898,,,,,,"(0,0,50)",,,,100,100,2.0,4.20,11.44,runs/05_tipover_thin/u_c1/wrap.mp4,valid,,runs/05_tipover_thin/_stdout_scratchpad/u_c1_stdout.log,surface,,,,,,,,,,,,,,,,,,,,,
t_c1,runs/06_release/t_c1,06_release,09-30 02:57,--tex bubble_normal.png --wrapsim --wrap_edge --wrap_n 2 --layer_mm 8 --young 2e4 --bend 4 --tip_over_mm 40 --release_after 0.3 --out t_c1,,c1,586,10,5.0,1.00,8,12.0,40.0,on,0.30s,4,584,180,113,9,1.000,1.091,,,,,,"(0,0,53)",,,,100,100,2.0,3.24,7.63,runs/06_release/t_c1/wrap.mp4,valid,,runs/06_release/_stdout_scratchpad/t_c1_v2.stdout,surface,,,,,,,,,,,,,,,,,,,,,
u_c2,runs/05_tipover_thin/u_c2,05_tipover_thin,09-30 02:58,--tex bubble_normal.png --wrapsim --stage2 --init_npz u_c1/wrap.npz --layer_mm 5 --young 2e4 --bend 4 --thick 0.004 --tip_over_mm 40 --hold_mm 6 --out u_c2,u_c1/wrap.npz,c2,586,4,5.0,1.00,5,6.0,40.0,on,never,4,209,204,147,136,1.005,1.982,,,,,,"(0,0,50)",,,,100,100,5.0,7.13,43.72,runs/05_tipover_thin/u_c2/wrap.mp4,valid,,runs/05_tipover_thin/_stdout_scratchpad/u_c2_stdout.log,surface,,,,,,,,,,,,,,,,,,,,,
t2_c2,runs/06_release/t2_c2,06_release,09-30 02:58,--tex bubble_normal.png --wrapsim --stage2 --no_hold --init_npz t2_c1/wrap.npz --layer_mm 8 --young 2e4 --tip_over_mm 40 --release_after 0.3 --bend 1 --out t2_c2,t2_c1/wrap.npz,c2,586,10,5.0,1.00,8,12.0,40.0,on,0.30s,1,220,218,156,148,0.997,1.278,,,,,,"(0,0,53)",,,,100,100,4.0,9.69,43.69,runs/06_release/t2_c2/wrap.mp4,valid,,runs/06_release/_stdout_scratchpad/run_t2_c2.stdout,surface,,,,,,,,,,,,,,,,,,,,,
t_c2,runs/06_release/t_c2,06_release,09-30 03:00,--tex bubble_normal.png --wrapsim --stage2 --no_hold --init_npz t_c1/wrap.npz --layer_mm 8 --young 2e4 --bend 4 --tip_over_mm 40 --release_after 0.3 --out t_c2,t_c1/wrap.npz,c2,586,10,5.0,1.00,8,12.0,40.0,on,0.30s,4,363,210,164,244,0.998,1.314,,,,,,"(0,0,53)",,,,100,100,2.0,4.53,7.23,runs/06_release/t_c2/wrap.mp4,valid,,runs/06_release/_stdout_scratchpad/t_c2_v2.stdout,surface,,,,,,,,,,,,,,,,,,,,,
u_c3,runs/05_tipover_thin/u_c3,05_tipover_thin,09-30 03:01,"--tex bubble_normal.png --wrapsim --init_npz u_c2/wrap.npz --layer_mm 5 --young 2e4 --bend 4 --thick 0.004 --tip_over_mm 40 --hold_mm 6 --press6 250,210,115 --no_anchor --no_sleepy --press_off 6 --out u_c3",u_c2/wrap.npz,c3,586,4,5.0,1.00,5,6.0,40.0,none,never,4,232,208,133,247,1.005,1.977,117,134,,,,"(0,0,50)",,,,100,100,5.0,6.32,33.64,runs/05_tipover_thin/u_c3/wrap.mp4,valid,,runs/05_tipover_thin/_stdout_scratchpad/u_c3_stdout.log,surface,,,,,,,,,,,,,,,,,,,,,
t2_c3,runs/06_release/t2_c3,06_release,09-30 03:02,"--tex bubble_normal.png --wrapsim --init_npz t2_c2/wrap.npz --layer_mm 12 --young 2e4 --bend 1 --press6 250,210,115 --no_anchor --no_sleepy --press_off 6 --out t2_c3",t2_c2/wrap.npz,c3,586,10,5.0,1.00,12,12.0,0.0,none,never,1,250,237,130,229,0.997,1.334,117,130,,,,"(0,0,53)",,,,100,100,2.0,8.56,13.33,runs/06_release/t2_c3/wrap.mp4,valid,,runs/06_release/_stdout_scratchpad/run_t2_c3.stdout,surface,,,,,,,,,,,,,,,,,,,,,
t_c3,runs/06_release/t_c3,06_release,09-30 03:04,"--tex bubble_normal.png --wrapsim --init_npz t_c2/wrap.npz --layer_mm 12 --young 2e4 --bend 4 --press6 250,210,115 --no_anchor --no_sleepy --press_off 6 --out t_c3",t_c2/wrap.npz,c3,586,10,5.0,1.00,12,12.0,0.0,none,never,4,363,198,108,340,0.998,1.323,109,107,,,,"(0,0,53)",,,,100,100,2.0,6.92,6.82,runs/06_release/t_c3/wrap.mp4,valid,,runs/06_release/_stdout_scratchpad/t_c3_v2.stdout,surface,,,,,,,,,,,,,,,,,,,,,
t3_c1,runs/06_release/t3_c1,06_release,09-30 03:08,--tex bubble_normal.png --wrapsim --wrap_edge --wrap_n 2 --layer_mm 5 --young 2e4 --bend 4 --thick 0.004 --hold_mm 6 --tip_over_mm 40 --release_after 0.3 --out t3_c1,,c1,586,4,5.0,1.00,5,6.0,40.0,on,0.30s,4,586,181,109,3,1.000,1.055,,,,,,"(0,0,50)",,,,100,100,2.0,3.78,8.00,runs/06_release/t3_c1/wrap.mp4,valid,,runs/06_release/_stdout_scratchpad/t3_c1_stdout.log,surface,,,,,,,,,,,,,,,,,,,,,
w_res50_c1,runs/07_res/w_res50_c1,07_res,09-30 03:10,--tex bubble_normal.png --wrapsim --wrap_edge --wrap_n 2 --layer_mm 8 --young 2e4 --bend 4 --tip_over_mm 40 --res 50 --out w_res50_c1,,c1,586,10,5.0,1.00,8,12.0,40.0,on,never,4,574,158,124,3,1.000,2.494,,,,,,"(0,0,53)",,,,100,100,,,,runs/07_res/w_res50_c1/wrap.mp4,valid,,runs/07_res/run_w_res50_c1.stdout,surface,,,,,,,,,,,,,,,,,,,,,
t3_c2,runs/06_release/t3_c2,06_release,10-02 05:47,--tex bubble_normal.png --wrapsim --stage2 --init_npz t3_c1/wrap.npz --layer_mm 5 --young 2e4 --bend 4 --thick 0.004 --hold_mm 6 --tip_over_mm 40 --release_after 0.3 --out t3_c2,t3_c1/wrap.npz,c2,586,4,5.0,1.00,5,6.0,40.0,on,0.30s,4,299,190,152,299,0.999,1.709,,,,,,"(0,0,50)",,,,100,100,5.0,10.10,49.20,runs/06_release/t3_c2/wrap.mp4,valid,,runs/06_release/run_t3_c2.stdout,surface,,,,,,,,,,,,,,,,,,,,,
t3_c3,runs/06_release/t3_c3,06_release,10-02 05:50,"--tex bubble_normal.png --wrapsim --init_npz t3_c2/wrap.npz --layer_mm 5 --young 2e4 --bend 4 --thick 0.004 --press6 250,210,115 --no_anchor --no_sleepy --press_off 6 --out t3_c3",t3_c2/wrap.npz,c3,586,4,5.0,1.00,5,12.0,0.0,none,never,4,319,194,137,293,1.000,1.736,117,137,,,,"(0,0,50)",,,,100,100,5.0,6.22,36.91,runs/06_release/t3_c3/wrap.mp4,valid,,runs/06_release/run_t3_c3.stdout,surface,,,,,,,,,,,,,,,,,,,,,
cr_before,runs/08_crease/cr_before,08_crease,10-02 05:50,"--tex bubble_normal.png --wrapsim --init_npz u_c2/wrap.npz --layer_mm 5 --young 2e4 --bend 4 --thick 0.004 --press6 250,210,115 --no_anchor --no_sleepy --press_off 6 --crease_at before --out cr_before",u_c2/wrap.npz,c3,586,4,5.0,1.00,5,12.0,0.0,none,never,4,248,232,132,301,1.007,1.893,117,130,,,,"(0,0,50)",,,,100,100,4.0,5.50,24.98,runs/08_crease/cr_before/wrap.mp4,valid,腳本 wrap_sim_crease.py(摺痕定型探針),runs/08_crease/_stdout_scratchpad/cr_before.stdout,surface,,,,,,,,,,,,,,,,,,,,,
cr_held,runs/08_crease/cr_held,08_crease,10-02 05:52,"--tex bubble_normal.png --wrapsim --init_npz u_c2/wrap.npz --layer_mm 5 --young 2e4 --bend 4 --thick 0.004 --press6 250,210,115 --no_anchor --no_sleepy --press_off 6 --crease_at held --out cr_held",u_c2/wrap.npz,c3,586,4,5.0,1.00,5,12.0,0.0,none,never,4,239,221,135,325,1.007,1.948,117,134,,,,"(0,0,50)",,,,100,100,4.0,5.16,20.74,runs/08_crease/cr_held/wrap.mp4,valid,腳本 wrap_sim_crease.py(摺痕定型探針),runs/08_crease/_stdout_scratchpad/cr_held.stdout,surface,,,,,,,,,,,,,,,,,,,,,
lidcheck,runs/10_box_move/lidcheck,10_box_move,10-02 05:53,--tex bubble_normal.png --wrapsim --init_npz u_c3/wrap.npz --carton carton_w131.usd --close_lid --lid_span 4 --young 2e4 --bend 4 --layer_mm 5 --thick 0.004 --no_anchor --out lidcheck,u_c3/wrap.npz,box,586,4,5.0,1.00,5,12.0,0.0,none,never,4,232,213,125,386,1.006,1.936,,,0,0,0/0/0/0,"(3,-3,55)",,,,100,100,4.0,5.62,26.21,runs/10_box_move/lidcheck/wrap.mp4,valid,,runs/10_box_move/lidcheck.stdout,surface,,,,,,,,,,,,,,,,,,,,,
mb_x30,runs/10_box_move/mb_x30,10_box_move,10-02 05:54,"--tex bubble_normal.png --wrapsim --init_npz u_c3/wrap.npz --carton carton_w131.usd --young 2e4 --bend 4 --layer_mm 5 --thick 0.004 --no_anchor --movebox 0.30,0,0 --move_t 6 --move_wait 2 --settle 4 --out mb_x30",u_c3/wrap.npz,mb,586,4,5.0,1.00,5,12.0,0.0,none,never,4,223,196,139,368,1.007,1.965,,,20,0,0/0/5/15,"(280,-5,47)",19.2,17,20,100,100,4.0,6.80,36.37,runs/10_box_move/mb_x30/wrap.mp4,"invalid:診斷用,地板摩擦拖住布",,runs/10_box_move/mb_x30.stdout,surface,,,,,,,,,,,,,,,,,,,,,
mb_yz,runs/10_box_move/mb_yz,10_box_move,10-02 05:56,"--tex bubble_normal.png --wrapsim --init_npz u_c3/wrap.npz --carton carton_w131.usd --young 2e4 --bend 4 --layer_mm 5 --thick 0.004 --no_anchor --movebox 0,0.20,0.10 --move_t 6 --move_wait 2 --settle 4 --out mb_yz",u_c3/wrap.npz,mb,586,4,5.0,1.00,5,12.0,0.0,none,never,4,226,202,144,358,1.007,1.975,,,17,0,0/0/2/15,"(5,196,148)",2.1,17,17,100,100,5.0,7.40,34.54,runs/10_box_move/mb_yz/wrap.mp4,"invalid:診斷用,地板摩擦拖住布",,runs/10_box_move/mb_yz.stdout,surface,,,,,,,,,,,,,,,,,,,,,
mb2_x30,runs/10_box_move/mb2_x30,10_box_move,10-02 05:58,"--tex bubble_normal.png --wrapsim --init_npz lidcheck/wrap.npz --carton carton_w131.usd --young 2e4 --bend 4 --layer_mm 5 --thick 0.004 --no_anchor --movebox 0.30,0,0 --move_t 6 --move_wait 2 --settle 4 --out mb2_x30",lidcheck/wrap.npz,mb,586,4,5.0,1.00,5,12.0,0.0,none,never,4,209,208,126,546,1.003,1.966,,,6,0,0/0/6/0,"(263,-3,49)",35.3,3,6,100,100,4.0,4.80,22.29,runs/10_box_move/mb2_x30/wrap.mp4,"invalid:診斷用,地板摩擦拖住布",,runs/10_box_move/mb2_x30.stdout,surface,,,,,,,,,,,,,,,,,,,,,
mb2_yz,runs/10_box_move/mb2_yz,10_box_move,10-02 05:59,"--tex bubble_normal.png --wrapsim --init_npz lidcheck/wrap.npz --carton carton_w131.usd --young 2e4 --bend 4 --layer_mm 5 --thick 0.004 --no_anchor --movebox 0,0.20,0.10 --move_t 6 --move_wait 2 --settle 4 --out mb2_yz",lidcheck/wrap.npz,mb,586,4,5.0,1.00,5,12.0,0.0,none,never,4,251,221,126,454,1.006,1.925,,,3,0,0/0/3/0,"(2,196,150)",2.1,3,3,100,100,4.0,5.24,22.96,runs/10_box_move/mb2_yz/wrap.mp4,"invalid:診斷用,地板摩擦拖住布",,runs/10_box_move/mb2_yz.stdout,surface,,,,,,,,,,,,,,,,,,,,,
mb2_x30_slow,runs/10_box_move/mb2_x30_slow,10_box_move,10-02 06:01,"--tex bubble_normal.png --wrapsim --init_npz lidcheck/wrap.npz --carton carton_w131.usd --young 2e4 --bend 4 --layer_mm 5 --thick 0.004 --no_anchor --movebox 0.30,0,0 --move_t 12 --move_wait 2 --settle 4 --out mb2_x30_slow",lidcheck/wrap.npz,mb,586,4,5.0,1.00,5,12.0,0.0,none,never,4,211,210,125,502,1.003,1.960,,,7,0,0/0/7/0,"(262,-4,48)",36.1,3,7,100,100,4.0,5.07,23.08,runs/10_box_move/mb2_x30_slow/wrap.mp4,"invalid:診斷用,地板摩擦拖住布",,runs/10_box_move/mb2_x30_slow.stdout,surface,,,,,,,,,,,,,,,,,,,,,
mb3_x30,runs/10_box_move/mb3_x30,10_box_move,10-02 06:05,"--tex bubble_normal.png --wrapsim --init_npz lidcheck/wrap.npz --in_box_already --carton carton_w131.usd --young 2e4 --bend 4 --layer_mm 5 --thick 0.004 --no_anchor --movebox 0.30,0,0 --move_mode ktarget --move_t 6 --move_wait 2 --settle 4 --out mb3_x30",lidcheck/wrap.npz,mb,586,4,5.0,1.00,5,12.0,0.0,none,never,4,214,195,135,465,1.005,1.924,,,8,0,0/0/7/1,"(263,-1,49)",34.7,4,8,100,100,4.0,6.09,27.34,runs/10_box_move/mb3_x30/wrap.mp4,"invalid:診斷用,地板摩擦拖住布",,runs/10_box_move/mb3_x30.stdout,surface,,,,,,,,,,,,,,,,,,,,,
mb3_yz,runs/10_box_move/mb3_yz,10_box_move,10-02 06:07,"--tex bubble_normal.png --wrapsim --init_npz lidcheck/wrap.npz --in_box_already --carton carton_w131.usd --young 2e4 --bend 4 --layer_mm 5 --thick 0.004 --no_anchor --movebox 0,0.20,0.10 --move_t 6 --move_wait 2 --settle 4 --out mb3_yz",lidcheck/wrap.npz,mb,586,4,5.0,1.00,5,12.0,0.0,none,never,4,247,218,126,439,1.006,1.929,,,2,0,0/0/2/0,"(4,199,149)",1.1,2,2,100,100,4.0,5.41,23.51,runs/10_box_move/mb3_yz/wrap.mp4,"invalid:診斷用,地板摩擦拖住布",,runs/10_box_move/mb3_yz.stdout,surface,,,,,,,,,,,,,,,,,,,,,
t5_c2,runs/06_release/t5_c2,06_release,10-02 06:11,--tex bubble_normal.png --wrapsim --stage2 --init_npz t3_c1/wrap.npz --layer_mm 5 --young 2e4 --bend 4 --thick 0.004 --hold_mm 6 --tip_over_mm 40 --out t5_c2,t3_c1/wrap.npz,c2,586,4,5.0,1.00,5,6.0,40.0,on,never,4,179,186,148,462,1.002,1.809,,,,,,"(0,0,50)",,,,100,100,8.0,5.22,47.74,runs/06_release/t5_c2/wrap.mp4,valid,,runs/06_release/_stdout_scratchpad/t5_c2.out,surface,,,,,,,,,,,,,,,,,,,,,
t5_c3,runs/06_release/t5_c3,06_release,10-02 06:13,"--tex bubble_normal.png --wrapsim --init_npz t5_c2/wrap.npz --layer_mm 5 --young 2e4 --bend 4 --thick 0.004 --press6 250,210,115 --no_anchor --no_sleepy --press_off 6 --out t5_c3",t5_c2/wrap.npz,c3,586,4,5.0,1.00,5,12.0,0.0,none,never,4,188,190,151,626,1.001,1.843,117,151,,,,"(0,0,50)",,,,100,100,8.0,4.75,46.58,runs/06_release/t5_c3/wrap.mp4,valid,,runs/06_release/_stdout_scratchpad/t5_c3.out,surface,,,,,,,,,,,,,,,,,,,,,
mb4_x30,runs/10_box_move/mb4_x30,10_box_move,10-02 06:13,"--tex bubble_normal.png --wrapsim --init_npz lidcheck/wrap.npz --in_box_already --carton carton_w131.usd --young 2e4 --bend 4 --layer_mm 5 --thick 0.004 --no_anchor --movebox 0.30,0,0 --move_t 6 --move_wait 2 --settle 4 --ground_z -0.02 --out mb4_x30",lidcheck/wrap.npz,mb,586,4,5.0,1.00,5,12.0,0.0,none,never,4,252,220,127,400,1.005,1.930,,,3,0,0/0/3/0,"(299,-1,50)",7.7,3,3,100,100,4.0,5.23,22.13,runs/10_box_move/mb4_x30/wrap.mp4,valid,,runs/10_box_move/mb4_x30.stdout,surface,,,,,,,,,,,,,,,,,,,,,
t5_box,runs/06_release/t5_box,06_release,10-02 06:14,--tex bubble_normal.png --wrapsim --init_npz t5_c3/wrap.npz --carton carton_w131.usd --close_lid --lid_span 4 --young 2e4 --bend 4 --layer_mm 5 --thick 0.004 --no_anchor --out t5_box,t5_c3/wrap.npz,box,586,4,5.0,1.00,5,12.0,0.0,none,never,4,199,191,132,667,1.001,1.788,,,1,0,0/0/0/1,"(2,8,55)",,,,100,100,8.0,3.44,33.43,runs/06_release/t5_box/wrap.mp4,valid,,runs/06_release/_stdout_scratchpad/t5_box.out,surface,,,,,,,,,,,,,,,,,,,,,
mb5_x30,runs/10_box_move/mb5_x30,10_box_move,10-02 06:18,"--tex bubble_normal.png --wrapsim --init_npz lidcheck/wrap.npz --in_box_already --carton carton_w131.usd --young 2e4 --bend 4 --layer_mm 5 --thick 0.004 --no_anchor --movebox 0.30,0,0 --move_t 6 --move_wait 2 --settle 4 --base_collider_pad 0.02 --out mb5_x30",lidcheck/wrap.npz,mb,586,4,5.0,1.00,5,12.0,0.0,none,never,4,239,215,125,418,1.006,1.940,,,3,0,0/0/3/0,"(286,-1,48)",17.1,3,3,100,100,4.0,5.63,24.71,runs/10_box_move/mb5_x30/wrap.mp4,valid,,runs/10_box_move/mb5_x30.stdout,surface,,,,,,,,,,,,,,,,,,,,,
mb6_x30,runs/10_box_move/mb6_x30,10_box_move,10-02 06:20,"--tex bubble_normal.png --wrapsim --init_npz lidcheck/wrap.npz --in_box_already --carton carton_w131.usd --young 2e4 --bend 4 --layer_mm 5 --thick 0.004 --no_anchor --movebox 0.30,0,0 --move_t 6 --move_wait 2 --settle 4 --base_collider_pad 0.02 --no_ground_collision --out mb6_x30",lidcheck/wrap.npz,mb,586,4,5.0,1.00,5,12.0,0.0,none,never,4,253,220,128,412,1.006,1.928,,,3,0,0/0/3/0,"(300,-2,50)",7.3,3,3,100,100,4.0,5.35,22.08,runs/10_box_move/mb6_x30/wrap.mp4,valid,,runs/10_box_move/mb6_x30.stdout,surface,,,,,,,,,,,,,,,,,,,,,
mb6_x30_fast,runs/10_box_move/mb6_x30_fast,10_box_move,10-02 06:21,"--tex bubble_normal.png --wrapsim --init_npz lidcheck/wrap.npz --in_box_already --carton carton_w131.usd --young 2e4 --bend 4 --layer_mm 5 --thick 0.004 --no_anchor --movebox 0.30,0,0 --move_t 3 --move_wait 2 --settle 4 --base_collider_pad 0.02 --no_ground_collision --out mb6_x30_fast",lidcheck/wrap.npz,mb,586,4,5.0,1.00,5,12.0,0.0,none,never,4,252,219,124,456,1.005,1.939,,,2,0,0/0/2/0,"(298,-1,49)",9.0,2,2,100,100,4.0,5.41,21.63,runs/10_box_move/mb6_x30_fast/wrap.mp4,valid,,runs/10_box_move/mb6_x30_fast.stdout,surface,,,,,,,,,,,,,,,,,,,,,
sh450_c1,runs/09_sheet/sh450_c1,09_sheet,10-02 06:28,--tex bubble_normal.png --wrapsim --wrap_edge --wrap_n 2 --layer_mm 5 --young 2e4 --bend 4 --thick 0.004 --hold_mm 6 --tip_over_mm 0 --sheet_mm 450 --out sh450_c1,,c1,450,4,5.0,1.00,5,6.0,0.0,on,never,4,450,153,116,44,1.000,2.601,,,,,,"(0,0,50)",,,,100,99,1.0,3.86,11.49,runs/09_sheet/sh450_c1/wrap.mp4,valid,,runs/09_sheet/run_sh450_c1.stdout,surface,,,,,,,,,,,,,,,,,,,,,
sh450_c2,runs/09_sheet/sh450_c2,09_sheet,10-02 06:29,--tex bubble_normal.png --wrapsim --stage2 --init_npz sh450_c1/wrap.npz --layer_mm 5 --young 2e4 --bend 4 --thick 0.004 --hold_mm 6 --tip_over_mm 0 --sheet_mm 450 --out sh450_c2,sh450_c1/wrap.npz,c2,450,4,5.0,1.00,5,6.0,0.0,on,never,4,183,175,125,152,1.003,2.578,,,,,,"(0,0,50)",,,,100,100,3.0,8.78,27.37,runs/09_sheet/sh450_c2/wrap.mp4,valid,,runs/09_sheet/run_sh450_c2.stdout,surface,,,,,,,,,,,,,,,,,,,,,
sh450_c3,runs/09_sheet/sh450_c3,09_sheet,10-02 06:31,"--tex bubble_normal.png --wrapsim --init_npz sh450_c2/wrap.npz --layer_mm 5 --young 2e4 --bend 4 --thick 0.004 --press6 180,190,115 --no_anchor --no_sleepy --press_off 6 --out sh450_c3",sh450_c2/wrap.npz,c3,586,4,5.0,1.00,5,12.0,0.0,none,never,4,240,177,118,169,0.769,1.994,117,118,,,,"(0,0,50)",,,,100,100,1.0,6.91,5.35,runs/09_sheet/sh450_c3/wrap.mp4,"invalid:c3 沒帶 --sheet_mm,log 的邊長比基準錯(bbox/壓實數字可用)",,runs/09_sheet/run_sh450_c3.stdout,surface,,,,,,,,,,,,,,,,,,,,,
sh400_c1,runs/09_sheet/sh400_c1,09_sheet,10-02 06:32,--tex bubble_normal.png --wrapsim --wrap_edge --wrap_n 2 --layer_mm 5 --young 2e4 --bend 4 --thick 0.004 --hold_mm 6 --tip_over_mm 0 --sheet_mm 400 --out sh400_c1,,c1,400,4,5.0,1.00,5,6.0,0.0,on,never,4,366,143,121,20,1.000,2.213,,,,,,"(0,0,50)",,,,100,98,1.0,6.58,12.81,runs/09_sheet/sh400_c1/wrap.mp4,valid,,runs/09_sheet/run_sh400_c1.stdout,surface,,,,,,,,,,,,,,,,,,,,,
sh400_c2,runs/09_sheet/sh400_c2,09_sheet,10-02 06:33,--tex bubble_normal.png --wrapsim --stage2 --init_npz sh400_c1/wrap.npz --layer_mm 5 --young 2e4 --bend 4 --thick 0.004 --hold_mm 6 --tip_over_mm 0 --sheet_mm 400 --out sh400_c2,sh400_c1/wrap.npz,c2,400,4,5.0,1.00,5,6.0,0.0,on,never,4,155,169,134,99,1.006,2.156,,,,,,"(0,0,50)",,,,100,100,3.0,7.95,31.15,runs/09_sheet/sh400_c2/wrap.mp4,valid,,runs/09_sheet/run_sh400_c2.stdout,surface,,,,,,,,,,,,,,,,,,,,,
sh400_c3,runs/09_sheet/sh400_c3,09_sheet,10-02 06:35,"--tex bubble_normal.png --wrapsim --init_npz sh400_c2/wrap.npz --layer_mm 5 --young 2e4 --bend 4 --thick 0.004 --press6 180,190,115 --no_anchor --no_sleepy --press_off 6 --out sh400_c3",sh400_c2/wrap.npz,c3,586,4,5.0,1.00,5,12.0,0.0,none,never,4,172,183,130,108,0.688,1.514,117,130,,,,"(0,0,50)",,,,100,100,2.0,8.83,21.67,runs/09_sheet/sh400_c3/wrap.mp4,"invalid:c3 沒帶 --sheet_mm,log 的邊長比基準錯(bbox/壓實數字可用)",,runs/09_sheet/run_sh400_c3.stdout,surface,,,,,,,,,,,,,,,,,,,,,
sh400_box,runs/09_sheet/sh400_box,09_sheet,10-02 06:57,--tex bubble_normal.png --wrapsim --init_npz sh400_c3/wrap.npz --sheet_mm 400 --carton carton_w131.usd --close_lid --lid_span 4 --young 2e4 --bend 4 --layer_mm 5 --thick 0.004 --no_anchor --out sh400_box,sh400_c3/wrap.npz,box,400,4,5.0,1.00,5,12.0,0.0,none,never,4,178,194,122,156,1.010,2.220,,,0,0,0/0/0/0,"(1,19,55)",,,,98,100,1.0,7.84,11.58,runs/09_sheet/sh400_box/wrap.mp4,valid,,runs/09_sheet/sh400_box.stdout,surface,,,,,,,,,,,,,,,,,,,,,
fin_c1,runs/11_final/fin_c1,11_final,10-02 07:00,--wrapsim --wrap_edge --wrap_n 2 --tex bubble_normal.png --thick 0.004 --hold_mm 6 --tip_over_mm 0 --sheet_mm 400 --layer_mm 5 --young 2e4 --bend 4 --out fin_c1,,c1,400,4,5.0,1.00,5,6.0,0.0,on,never,4,144,365,118,14,1.000,2.153,,,,,,"(0,0,50)",,,,100,99,1.0,5.73,9.69,runs/11_final/fin_c1/wrap.mp4,valid,,runs/11_final/run_fin_c1.stdout,surface,,,,,,,,,,,,,,,,,,,,,
fin_c2,runs/11_final/fin_c2,11_final,10-02 07:01,--wrapsim --stage2 --init_npz fin_c1/wrap.npz --tex bubble_normal.png --thick 0.004 --hold_mm 6 --tip_over_mm 0 --sheet_mm 400 --layer_mm 5 --young 2e4 --bend 4 --out fin_c2,fin_c1/wrap.npz,c2,400,4,5.0,1.00,5,6.0,0.0,on,never,4,170,184,156,80,1.003,2.940,,,,,,"(0,0,50)",,,,100,100,2.0,12.30,24.35,runs/11_final/fin_c2/wrap.mp4,valid,,runs/11_final/run_fin_c2.stdout,surface,,,,,,,,,,,,,,,,,,,,,
fin_c3,runs/11_final/fin_c3,11_final,10-02 07:03,"--wrapsim --init_npz fin_c2/wrap.npz --tex bubble_normal.png --thick 0.004 --hold_mm 6 --tip_over_mm 0 --sheet_mm 400 --layer_mm 5 --young 2e4 --bend 4 --press6 193,167,115 --no_anchor --no_sleepy --press_off 6 --out fin_c3",fin_c2/wrap.npz,c3,400,4,5.0,1.00,5,6.0,0.0,none,never,4,178,248,138,80,1.003,2.929,117,138,,,,"(0,0,50)",,,,100,100,1.0,11.14,9.29,runs/11_final/fin_c3/wrap.mp4,valid,,runs/11_final/run_fin_c3.stdout,surface,,,,,,,,,,,,,,,,,,,,,
fin_box,runs/11_final/fin_box,11_final,10-02 07:04,--wrapsim --init_npz fin_c3/wrap.npz --tex bubble_normal.png --thick 0.004 --hold_mm 6 --tip_over_mm 0 --sheet_mm 400 --layer_mm 5 --young 2e4 --bend 4 --carton carton_w131.usd --close_lid --lid_span 4 --no_anchor --out fin_box,fin_c3/wrap.npz,box,400,4,5.0,1.00,5,6.0,0.0,none,never,4,166,249,131,109,1.003,2.944,,,24,0,0/24/0/1,"(-15,33,55)",,,,99,100,1.0,9.32,7.24,runs/11_final/fin_box/wrap.mp4,valid,,runs/11_final/run_fin_box.stdout,surface,,,,,,,,,,,,,,,,,,,,,
fin_unbox,runs/11_final/fin_unbox,11_final,10-02 07:06,--wrapsim --init_npz fin_box/wrap.npz --tex bubble_normal.png --thick 0.004 --hold_mm 6 --tip_over_mm 0 --sheet_mm 400 --layer_mm 5 --young 2e4 --bend 4 --carton carton_w131.usd --floor_edges floor_edges_fin.json --unbox --in_box_already --out fin_unbox,fin_box/wrap.npz,unbox,400,4,5.0,1.00,5,6.0,0.0,on,never,4,411,415,20,56,1.051,2.197,,,1225,0,1225/604/1159/0,"(-15,33,55)",,,,0,1,0.0,,,runs/11_final/fin_unbox/wrap.mp4,valid,,runs/11_final/run_fin_unbox.stdout,surface,,,,,,,,,,,,,,,,,,,,,
sh400_mb_yz,runs/09_sheet/sh400_mb_yz,09_sheet,10-02 07:25,"--tex bubble_normal.png --wrapsim --init_npz sh400_box/wrap.npz --sheet_mm 400 --carton carton_w131.usd --young 2e4 --bend 4 --layer_mm 5 --thick 0.004 --no_anchor --in_box_already --no_ground_collision --base_collider_pad 0.02 --movebox 0,0.20,0.10 --move_t 6 --move_wait 2 --settle 4 --out sh400_mb_yz",sh400_box/wrap.npz,mb,400,4,5.0,1.00,5,12.0,0.0,none,never,4,209,206,109,130,1.008,2.282,,,6,0,0/0/6/0,"(12,215,144)",2.8,7,6,88,95,1.0,8.46,8.39,runs/09_sheet/sh400_mb_yz/wrap.mp4,invalid:杯子方位與包裹不符(腳本已併折序 patch、包裹是舊折序),,runs/09_sheet/sh400_mb_yz.stdout,surface,,,,,,,,,,,,,,,,,,,,,
finA_c3,runs/11_final/finA_c3,11_final,10-02 07:30,"--wrapsim --init_npz fin_c2/wrap.npz --press6 193,200,115 --no_anchor --no_sleepy --press_off 6 --tex bubble_normal.png --thick 0.004 --hold_mm 6 --tip_over_mm 0 --sheet_mm 400 --layer_mm 5 --young 2e4 --bend 4 --out finA_c3",fin_c2/wrap.npz,c3,400,4,5.0,1.00,5,6.0,0.0,none,never,4,178,254,138,91,1.003,2.977,117,138,,,,"(0,0,50)",,,,99,100,1.0,9.53,8.54,runs/11_final/finA_c3/wrap.mp4,valid,,runs/11_final/run_finA_c3.stdout,surface,,,,,,,,,,,,,,,,,,,,,
finA_box,runs/11_final/finA_box,11_final,10-02 07:31,--wrapsim --init_npz finA_c3/wrap.npz --carton carton_w131.usd --close_lid --lid_span 4 --no_anchor --tex bubble_normal.png --thick 0.004 --hold_mm 6 --tip_over_mm 0 --sheet_mm 400 --layer_mm 5 --young 2e4 --bend 4 --out finA_box,finA_c3/wrap.npz,box,400,4,5.0,1.00,5,6.0,0.0,none,never,4,176,254,125,111,1.003,3.065,,,77,0,0/77/0/0,"(-15,41,55)",,,,96,98,1.0,7.58,8.47,runs/11_final/finA_box/wrap.mp4,valid,,runs/11_final/run_finA_box.stdout,surface,,,,,,,,,,,,,,,,,,,,,
dm_c1,runs/11_final/dm_c1,11_final,10-02 07:32,--tex bubble_normal.png --wrapsim --young 2e4 --bend 4 --thick 0.004 --sheet_mm 400 --layer_mm 5 --cam_ref 0.586 --hold_mm 6 --tip_over_mm 0 --wrap_edge --wrap_n 2 --out dm_c1,,c1,400,4,5.0,1.00,5,6.0,0.0,on,never,4,342,158,117,20,1.000,2.168,,,,,,"(0,0,50)",,,,100,100,1.0,4.65,13.51,runs/11_final/dm_c1/wrap.mp4 runs/11_final/dm_c1/trim.mp4,valid,"腳本 wrap_sim_old.py(舊折序,run_demo_old.sh)",runs/11_final/dm_c1.stdout,surface,,,,,,,,,,,,,,,,,,,,,
finB_box,runs/11_final/finB_box,11_final,10-02 07:32,--wrapsim --init_npz fin_c2/wrap.npz --carton carton_w131.usd --close_lid --lid_span 4 --no_anchor --tex bubble_normal.png --thick 0.004 --hold_mm 6 --tip_over_mm 0 --sheet_mm 400 --layer_mm 5 --young 2e4 --bend 4 --out finB_box,fin_c2/wrap.npz,box,400,4,5.0,1.00,5,6.0,0.0,none,never,4,184,203,126,97,1.005,2.972,,,0,0,0/0/0/0,"(-11,6,55)",,,,100,100,2.0,9.36,14.07,runs/11_final/finB_box/wrap.mp4,valid,,runs/11_final/run_finB_box.stdout,surface,,,,,,,,,,,,,,,,,,,,,
dm_c2,runs/11_final/dm_c2,11_final,10-02 07:33,--tex bubble_normal.png --wrapsim --young 2e4 --bend 4 --thick 0.004 --sheet_mm 400 --layer_mm 5 --cam_ref 0.586 --hold_mm 6 --tip_over_mm 0 --stage2 --init_npz dm_c1/wrap.npz --out dm_c2,dm_c1/wrap.npz,c2,400,4,5.0,1.00,5,6.0,0.0,on,never,4,176,175,166,100,1.008,2.416,,,,,,"(0,0,50)",,,,100,100,2.0,7.89,24.70,runs/11_final/dm_c2/wrap.mp4 runs/11_final/dm_c2/trim.mp4,valid,腳本 wrap_sim_old.py(舊折序),runs/11_final/dm_c2.stdout,surface,,,,,,,,,,,,,,,,,,,,,
finB_mb_yz,runs/11_final/finB_mb_yz,11_final,10-02 07:34,"--wrapsim --init_npz finB_box/wrap.npz --in_box_already --carton carton_w131.usd --no_anchor --no_ground_collision --base_collider_pad 0.02 --move_t 6 --move_wait 2 --settle 4 --movebox 0,0.20,0.10 --tex bubble_normal.png --thick 0.004 --hold_mm 6 --tip_over_mm 0 --sheet_mm 400 --layer_mm 5 --young 2e4 --bend 4 --out finB_mb_yz",finB_box/wrap.npz,mb,400,4,5.0,1.00,5,6.0,0.0,none,never,4,193,198,130,124,1.005,2.982,,,7,0,0/0/7/0,"(0,200,142)",8.7,5,7,98,99,1.0,8.39,8.78,runs/11_final/finB_mb_yz/wrap.mp4,valid,,runs/11_final/run_finB_mb_yz.stdout,surface,,,,,,,,,,,,,,,,,,,,,
finB_mb_x30,runs/11_final/finB_mb_x30,11_final,10-02 07:35,"--wrapsim --init_npz finB_box/wrap.npz --in_box_already --carton carton_w131.usd --no_anchor --no_ground_collision --base_collider_pad 0.02 --move_t 6 --move_wait 2 --settle 4 --movebox 0.30,0,0 --tex bubble_normal.png --thick 0.004 --hold_mm 6 --tip_over_mm 0 --sheet_mm 400 --layer_mm 5 --young 2e4 --bend 4 --out finB_mb_x30",finB_box/wrap.npz,mb,400,4,5.0,1.00,5,6.0,0.0,none,never,4,188,200,129,106,1.004,3.015,,,6,0,0/0/6/0,"(288,1,47)",12.2,5,6,99,99,1.0,8.50,10.02,runs/11_final/finB_mb_x30/wrap.mp4,valid,,runs/11_final/run_finB_mb_x30.stdout,surface,,,,,,,,,,,,,,,,,,,,,
dm_c3,runs/11_final/dm_c3,11_final,10-02 07:35,"--tex bubble_normal.png --wrapsim --young 2e4 --bend 4 --thick 0.004 --sheet_mm 400 --layer_mm 5 --cam_ref 0.586 --init_npz dm_c2/wrap.npz --press6 180,190,115 --no_anchor --no_sleepy --press_off 6 --out dm_c3",dm_c2/wrap.npz,c3,400,4,5.0,1.00,5,12.0,0.0,none,never,4,238,181,124,105,1.008,2.435,117,124,,,,"(0,0,50)",,,,98,98,2.0,7.04,10.92,runs/11_final/dm_c3/wrap.mp4 runs/11_final/dm_c3/trim.mp4,valid,腳本 wrap_sim_old.py(舊折序),runs/11_final/dm_c3.stdout,surface,,,,,,,,,,,,,,,,,,,,,
dm_box,runs/11_final/dm_box,11_final,10-02 07:36,--tex bubble_normal.png --wrapsim --young 2e4 --bend 4 --thick 0.004 --sheet_mm 400 --layer_mm 5 --cam_ref 0.586 --init_npz dm_c3/wrap.npz --carton carton_w131.usd --close_lid --lid_span 4 --no_anchor --out dm_box,dm_c3/wrap.npz,box,400,4,5.0,1.00,5,12.0,0.0,none,never,4,239,182,120,111,1.009,2.437,,,0,0,0/0/0/0,"(-37,7,55)",,,,95,97,2.0,6.73,9.43,runs/11_final/dm_box/wrap.mp4 runs/11_final/dm_box/trim.mp4,valid,腳本 wrap_sim_old.py(舊折序),runs/11_final/dm_box.stdout,surface,,,,,,,,,,,,,,,,,,,,,
fincam_c1,runs/11_final/fincam_c1,11_final,10-02 07:37,--wrapsim --wrap_edge --wrap_n 2 --cam_ref 0.586 --tex bubble_normal.png --thick 0.004 --hold_mm 6 --tip_over_mm 0 --sheet_mm 400 --layer_mm 5 --young 2e4 --bend 4 --out fincam_c1,,c1,400,4,5.0,1.00,5,6.0,0.0,on,never,4,144,375,118,26,1.000,2.111,,,,,,"(0,0,50)",,,,100,100,1.0,4.35,8.94,runs/11_final/fincam_c1/wrap.mp4 runs/11_final/fincam_c1/trim.mp4,valid,DEMO_new_order_sheet400 第 1 段,runs/11_final/run_fincam_c1.stdout,surface,,,,,,,,,,,,,,,,,,,,,
dm_mb,runs/11_final/dm_mb,11_final,10-02 07:37,"--tex bubble_normal.png --wrapsim --young 2e4 --bend 4 --thick 0.004 --sheet_mm 400 --layer_mm 5 --cam_ref 0.586 --init_npz dm_box/wrap.npz --carton carton_w131.usd --no_anchor --in_box_already --no_ground_collision --base_collider_pad 0.02 --movebox 0,0.20,0.10 --move_t 6 --move_wait 2 --settle 4 --out dm_mb",dm_box/wrap.npz,mb,400,4,5.0,1.00,5,12.0,0.0,none,never,4,245,189,123,151,1.008,2.451,,,3,0,0/0/3/0,"(-36,193,142)",8.8,0,3,94,92,1.0,8.14,5.97,runs/11_final/dm_mb/wrap.mp4 runs/11_final/dm_mb/trim.mp4,valid,腳本 wrap_sim_old.py(舊折序),runs/11_final/dm_mb.stdout,surface,,,,,,,,,,,,,,,,,,,,,
fincam_c2,runs/11_final/fincam_c2,11_final,10-02 07:38,--wrapsim --stage2 --init_npz fincam_c1/wrap.npz --cam_ref 0.586 --tex bubble_normal.png --thick 0.004 --hold_mm 6 --tip_over_mm 0 --sheet_mm 400 --layer_mm 5 --young 2e4 --bend 4 --out fincam_c2,fincam_c1/wrap.npz,c2,400,4,5.0,1.00,5,6.0,0.0,on,never,4,168,164,133,118,1.010,2.309,,,,,,"(0,0,50)",,,,100,100,3.0,9.76,27.59,runs/11_final/fincam_c2/wrap.mp4 runs/11_final/fincam_c2/trim.mp4,valid,DEMO_new_order_sheet400 第 2 段,runs/11_final/run_fincam_c2.stdout,surface,,,,,,,,,,,,,,,,,,,,,
fincam_box,runs/11_final/fincam_box,11_final,10-02 07:40,--wrapsim --init_npz fincam_c2/wrap.npz --carton carton_w131.usd --close_lid --lid_span 4 --no_anchor --tex bubble_normal.png --thick 0.004 --hold_mm 6 --tip_over_mm 0 --sheet_mm 400 --layer_mm 5 --young 2e4 --bend 4 --out fincam_box,fincam_c2/wrap.npz,box,400,4,5.0,1.00,5,6.0,0.0,none,never,4,163,172,122,156,1.009,2.383,,,0,0,0/0/0/0,"(-9,-7,55)",,,,100,100,2.0,7.33,18.38,runs/11_final/fincam_box/wrap.mp4 runs/11_final/fincam_box/trim.mp4,valid,DEMO_new_order_sheet400 第 3 段,runs/11_final/run_fincam_box.stdout,surface,,,,,,,,,,,,,,,,,,,,,
fincam_mb_yz,runs/11_final/fincam_mb_yz,11_final,10-02 07:41,"--wrapsim --init_npz fincam_box/wrap.npz --in_box_already --carton carton_w131.usd --no_anchor --no_ground_collision --base_collider_pad 0.02 --move_t 6 --move_wait 2 --settle 4 --movebox 0,0.20,0.10 --tex bubble_normal.png --thick 0.004 --hold_mm 6 --tip_over_mm 0 --sheet_mm 400 --layer_mm 5 --young 2e4 --bend 4 --out fincam_mb_yz",fincam_box/wrap.npz,mb,400,4,5.0,1.00,5,6.0,0.0,none,never,4,165,179,119,149,1.008,2.392,,,7,0,0/0/7/0,"(2,190,143)",1.9,5,7,100,100,1.0,7.19,5.64,runs/11_final/fincam_mb_yz/wrap.mp4,valid,,runs/11_final/run_fincam_mb_yz.stdout,surface,,,,,,,,,,,,,,,,,,,,,
fincam_mb_x30,runs/11_final/fincam_mb_x30,11_final,10-02 07:42,"--wrapsim --init_npz fincam_box/wrap.npz --in_box_already --carton carton_w131.usd --no_anchor --no_ground_collision --base_collider_pad 0.02 --move_t 6 --move_wait 2 --settle 4 --movebox 0.30,0,0 --tex bubble_normal.png --thick 0.004 --hold_mm 6 --tip_over_mm 0 --sheet_mm 400 --layer_mm 5 --young 2e4 --bend 4 --out fincam_mb_x30",fincam_box/wrap.npz,mb,400,4,5.0,1.00,5,6.0,0.0,none,never,4,165,178,118,158,1.008,2.376,,,4,0,0/0/4/0,"(299,-9,44)",1.7,4,4,100,100,1.0,7.89,6.73,runs/11_final/fincam_mb_x30/wrap.mp4,valid,,runs/11_final/run_fincam_mb_x30.stdout,surface,,,,,,,,,,,,,,,,,,,,,
dm_mb_open,runs/11_final/dm_mb_open,11_final,10-02 07:44,"--tex bubble_normal.png --wrapsim --young 2e4 --bend 4 --thick 0.004 --sheet_mm 400 --layer_mm 5 --init_npz dm_box/wrap.npz --carton carton_w131.usd --no_anchor --in_box_already --no_ground_collision --base_collider_pad 0.02 --movebox 0,0.20,0.10 --move_t 6 --move_wait 2 --settle 3 --move_open --lid_span 3 --out dm_mb_open",dm_box/wrap.npz,mb,400,4,5.0,1.00,5,12.0,0.0,none,never,4,247,191,126,143,1.008,2.442,,,5,0,0/0/5/0,"(-39,192,142)",9.8,0,5,84,92,1.0,8.06,5.32,runs/11_final/dm_mb_open/wrap.mp4 runs/11_final/dm_mb_open/trim.mp4,valid,腳本 wrap_sim_old.py(舊折序);DEMO_old_order_sheet400_v2 最後一段,runs/11_final/dm_mb_open.stdout,surface,,,,,,,,,,,,,,,,,,,,,
fincam_mb_open,runs/11_final/fincam_mb_open,11_final,10-02 07:46,"--tex bubble_normal.png --wrapsim --young 2e4 --bend 4 --thick 0.004 --sheet_mm 400 --layer_mm 5 --hold_mm 6 --tip_over_mm 0 --init_npz fincam_box/wrap.npz --carton carton_w131.usd --no_anchor --in_box_already --no_ground_collision --base_collider_pad 0.02 --movebox 0,0.20,0.10 --move_t 6 --move_wait 2 --settle 3 --move_open --lid_span 3 --out fincam_mb_open",fincam_box/wrap.npz,mb,400,4,5.0,1.00,5,6.0,0.0,none,never,4,167,178,119,145,1.010,2.399,,,6,0,0/0/6/0,"(2,191,143)",2.5,6,6,100,100,1.0,7.88,6.82,runs/11_final/fincam_mb_open/wrap.mp4 runs/11_final/fincam_mb_open/trim.mp4,valid,DEMO_new_order_sheet400 第 4 段,runs/11_final/fincam_mb_open.stdout,surface,,,,,,,,,,,,,,,,,,,,,
fincam_unbox,runs/11_final/fincam_unbox,11_final,10-02 09:03,--wrapsim --init_npz fincam_box/wrap.npz --tex bubble_normal.png --thick 0.004 --hold_mm 6 --tip_over_mm 0 --sheet_mm 400 --layer_mm 5 --young 2e4 --bend 4 --carton carton_w131.usd --floor_edges floor_edges_fincam.json --unbox --in_box_already --out fincam_unbox,fincam_box/wrap.npz,unbox,400,4,5.0,1.00,5,6.0,0.0,on,never,4,410,416,25,80,1.060,1.839,,,1225,0,1225/598/923/0,"(-9,-7,55)",,,,0,1,0.0,,,runs/11_final/fincam_unbox/wrap.mp4,valid,,runs/11_final/fincam_unbox.stdout,surface,,,,,,,,,,,,,,,,,,,,,
vol/out_v400_fold,../vol/out_v400_fold,vol_out,10-02 10:22,wrap_vol.py --out out_v400_fold --sheet_mm 400.0 --young 20000.0 --areal 0.1 --cont 0.002 --rest 0.0005 --until fold,,vol-fold,400x400,4,2,0.5,,,,,,,,,,,,1.482,,,,,,,,,,,,,,,../vol/out_v400_fold/wrap.mp4,valid,,,vol,,257x217x185,,,,,,,4,0,0,0.537,,,,,,20000,,64.4,"無 SUMMARY;判讀段,影片行"
vol/out_v400,../vol/out_v400,vol_out,10-02 10:30,wrap_vol.py --out out_v400 --sheet_mm 400.0 --young 20000.0 --areal 0.1 --cont 0.002 --rest 0.0005 --until all,,vol-all,400x400,4,2,0.5,,,,,,,263,223,122,,,1.504,,,0,0,0/0/0/0,,0.8,0,0,,,,,,../vol/out_v400/wrap.mp4,valid,,,vol,,256x216x184,263x223x122,5.42,172.1,,130.9,,5,0,0,0.497,,0(0/0/0/0),0(0/0/0/0),0(0/0/0/0),2.0,20000,,184.6,"無 SUMMARY;入箱區塊,入箱區塊開蓋後 z max − 箱底內面,判讀段,影片行,紙箱行"
vol/out_v500_fold,../vol/out_v500_fold,vol_out,10-02 10:32,wrap_vol.py --out out_v500_fold --sheet_mm 500.0 --young 20000.0 --areal 0.1 --cont 0.002 --rest 0.0005 --until fold,,vol-fold,500x500,4,2,0.5,,,,,,,,,,,,1.549,,,,,,,,,,,,,,,../vol/out_v500_fold/wrap.mp4,valid,,,vol,,256x218x150,,,,,,,6,0,0,0.545,,,,,,20000,,79.8,"無 SUMMARY;判讀段,影片行"
vol/out_v500,../vol/out_v500,vol_out,10-02 10:36,wrap_vol.py --out out_v500 --sheet_mm 500.0 --young 20000.0 --areal 0.1 --cont 0.002 --rest 0.0005 --until all,,vol-all,500x500,4,2,0.5,,,,,,,263,223,121,,,1.561,,,0,0,0/0/0/0,,2.3,0,0,,,,,,../vol/out_v500/wrap.mp4,valid,,,vol,,257x216x150,263x223x121,5.35,209.1,,130.9,75,10,0,0,0.452,,0(0/0/0/0),0(0/0/0/0),0(0/0/0/0),4.2,20000,,219.0,"無 SUMMARY;入箱區塊,入箱區塊開蓋後 z max − 箱底內面,判讀段,判讀段 end 行,影片行,紙箱行"
vol/out_v500_r2,../vol/out_v500_r2,vol_out,10-02 10:40,wrap_vol.py --out out_v500_r2 --sheet_mm 500.0 --young 20000.0 --areal 0.1 --cont 0.002 --rest 0.0005 --until all,,vol-all,500x500,4,2,0.5,,,,,,,263,223,122,,,1.581,,,0,0,0/0/0/0,,0.6,0,0,,,,,,../vol/out_v500_r2/wrap.mp4,valid,,,vol,,257x217x149,263x223x122,5.41,237.1,,130.9,84,12,0,0,0.446,,0(0/0/0/0),0(0/0/0/0),0(0/0/0/0),2.5,20000,,220.8,"無 SUMMARY;入箱區塊,入箱區塊開蓋後 z max − 箱底內面,判讀段,判讀段 end 行,影片行,紙箱行"
vol/out_v500_restfold,../vol/out_v500_restfold,vol_out,10-02 10:44,wrap_vol.py --out out_v500_restfold --sheet_mm 500.0 --young 20000.0 --areal 0.1 --cont 0.002 --rest 0.0005 --until all --rest_npz out_v500/wrap.npz,,vol-all,500x500,4,2,0.5,,,,,,,329,355,286,,,6.042,,,230,0,120/125/36/36,,6.4,215,230,,,,,,../vol/out_v500_restfold/wrap.mp4,"invalid:rest shape 用折好的 npz,t=0 炸開 bbox 661(自穿上千)",,,vol,,452x513x297,329x355x286,25.30,265.6,,130.9,95,1162,4,60,0.105,,276(115/160/41/99),215(131/92/40/18),230(120/125/36/36),25.9,20000,,220.2,"無 SUMMARY;入箱區塊,入箱區塊開蓋後 z max − 箱底內面,判讀段,判讀段 end 行,影片行,紙箱行"
vol/soft/s1_fold,../vol/soft/s1_fold,vol_soft,10-02 10:49,wrap_vol.py --out soft/s1_fold --sheet_mm 500.0 --young 5000.0 --areal 0.1 --cont 0.002 --rest 0.0005 --until fold --tuck 1,,vol-fold,500x500,4,2,0.5,,,,,,,,,,,,1.581,,,,,,,,,,,,,,,../vol/soft/s1_fold/wrap.mp4,valid,,,vol,266x235x138,257x216x142,,,,,,,10,0,0,0.524,0.9895~1.0007,,,,,5e+03,1,79.8,SUMMARY;
vol/soft/s2_fold,../vol/soft/s2_fold,vol_soft,10-02 10:51,wrap_vol.py --out soft/s2_fold --sheet_mm 500.0 --young 2000.0 --areal 0.1 --cont 0.002 --rest 0.0005 --until fold --tuck 1,,vol-fold,500x500,4,2,0.5,,,,,,,,,,,,1.815,,,,,,,,,,,,,,,../vol/soft/s2_fold/wrap.mp4,valid,,,vol,254x241x124,255x216x124,,,,,,,8,0,0,0.503,0.9906~1.0008,,,,,2e+03,1,76.9,SUMMARY;
vol/soft/s3_fold,../vol/soft/s3_fold,vol_soft,10-02 10:52,wrap_vol.py --out soft/s3_fold --sheet_mm 500.0 --young 20000.0 --areal 0.1 --cont 0.0015 --rest 0.0004 --until fold --tuck 1,,vol-fold,500x500,2,1.5,0.4,,,,,,,,,,,,1.583,,,,,,,,,,,,,,,../vol/soft/s3_fold/wrap.mp4,valid,,,vol,272x224x126,256x216x125,,,,,,,8,0,0,0.476,0.9879~1.0006,,,,,2e+04,1,82.3,SUMMARY;
vol/soft/s4_fold,../vol/soft/s4_fold,vol_soft,10-02 10:54,wrap_vol.py --out soft/s4_fold --sheet_mm 500.0 --young 5000.0 --areal 0.1 --cont 0.0015 --rest 0.0004 --until fold --tuck 1,,vol-fold,500x500,2,1.5,0.4,,,,,,,,,,,,1.593,,,,,,,,,,,,,,,../vol/soft/s4_fold/wrap.mp4,valid,,,vol,264x222x120,256x216x118,,,,,,,4,0,0,0.476,0.9894~1.0014,,,,,5e+03,1,82.1,SUMMARY;
vol/soft/s1,../vol/soft/s1,vol_soft,10-02 10:58,wrap_vol.py --out soft/s1 --sheet_mm 500.0 --young 5000.0 --areal 0.1 --cont 0.002 --rest 0.0005 --until all --tuck 1,,vol-all,500x500,4,2,0.5,,,,,,,263,223,122,,,1.524,,,0,0,0/0/0/0,,2.2,0,0,,,,,,../vol/soft/s1/wrap.mp4,valid,,,vol,267x235x138,257x216x140,263x223x122,5.43,197.5,172.2,130.9,65,9,0,0,0.556,0.9893~1.0007,0(0/0/0/0),0(0/0/0/0),0(0/0/0/0),3.8,5e+03,1,222.1,SUMMARY;入箱區塊
vol/soft/s2,../vol/soft/s2,vol_soft,10-02 11:02,wrap_vol.py --out soft/s2 --sheet_mm 500.0 --young 2000.0 --areal 0.1 --cont 0.002 --rest 0.0005 --until all --tuck 1,,vol-all,500x500,4,2,0.5,,,,,,,252,223,121,,,1.743,,,1,0,1/0/0/0,,5.9,1,1,,,,,,../vol/soft/s2/wrap.mp4,valid,,,vol,250x240x126,250x216x125,252x223x121,5.14,129.0,108.5,130.9,93,8,0,0,0.441,0.9854~1.0009,0(0/0/0/0),1(1/0/0/0),1(1/0/0/0),0.9,2e+03,1,213.7,SUMMARY;入箱區塊
vol/soft/s3,../vol/soft/s3,vol_soft,10-02 11:06,wrap_vol.py --out soft/s3 --sheet_mm 500.0 --young 20000.0 --areal 0.1 --cont 0.0015 --rest 0.0004 --until all --tuck 1,,vol-all,500x500,2,1.5,0.4,,,,,,,263,223,120,,,1.583,,,0,0,0/0/0/0,,1.3,0,0,,,,,,../vol/soft/s3/wrap.mp4,valid,,,vol,272x224x126,256x216x125,263x223x120,5.31,224.7,200.8,130.9,67,8,0,0,0.476,0.9878~1.0006,0(0/0/0/0),0(0/0/0/0),0(0/0/0/0),1.5,2e+04,1,221.3,SUMMARY;入箱區塊
vol/soft/s4,../vol/soft/s4,vol_soft,10-02 11:09,wrap_vol.py --out soft/s4 --sheet_mm 500.0 --young 5000.0 --areal 0.1 --cont 0.0015 --rest 0.0004 --until all --tuck 1,,vol-all,500x500,2,1.5,0.4,,,,,,,262,223,118,,,1.590,,,0,0,0/0/0/0,,3.5,0,0,,,,,,../vol/soft/s4/wrap.mp4,valid,,,vol,265x223x119,256x216x118,262x223x118,5.22,165.1,153.5,130.9,60,3,0,0,0.481,0.9863~1.0013,0(0/0/0/0),0(0/0/0/0),0(0/0/0/0),3.0,5e+03,1,217.7,SUMMARY;入箱區塊
vol/soft/s5,../vol/soft/s5,vol_soft,10-02 11:14,wrap_vol.py --out soft/s5 --sheet_mm 500.0 --young 2000.0 --areal 0.2 --cont 0.002 --rest 0.0005 --until all --tuck 1,,vol-all,500x500,4,2,0.5,,,,,,,249,223,122,,,1.856,,,0,0,0/0/0/0,,4.1,0,0,,,,,,../vol/soft/s5/wrap.mp4,valid,,,vol,246x242x117,250x216x117,249x223x122,5.12,141.7,124.6,130.9,65,8,0,4,0.367,0.9772~1.0020,0(0/0/0/0),0(0/0/0/0),0(0/0/0/0),6.6,2e+03,1,221.1,SUMMARY;入箱區塊
vol/soft/s2_tuck0,../vol/soft/s2_tuck0,vol_soft,10-02 11:18,wrap_vol.py --out soft/s2_tuck0 --sheet_mm 500.0 --young 2000.0 --areal 0.1 --cont 0.002 --rest 0.0005 --until all --tuck 0,,vol-all,500x500,4,2,0.5,,,,,,,261,223,121,,,1.839,,,1,0,1/0/0/0,,10.4,0,1,,,,,,../vol/soft/s2_tuck0/wrap.mp4,valid,,,vol,250x241x126,251x241x124,261x223x121,5.35,140.8,118.4,130.9,95,7,0,4,0.237,0.9788~1.0009,0(0/0/0/0),0(0/0/0/0),1(1/0/0/0),6.1,2e+03,0,202.0,SUMMARY;入箱區塊
vol/soft/s6,../vol/soft/s6,vol_soft,10-02 11:21,wrap_vol.py --out soft/s6 --sheet_mm 500.0 --young 1000.0 --areal 0.1 --cont 0.002 --rest 0.0005 --until all --tuck 1,,vol-all,500x500,4,2,0.5,,,,,,,249,223,118,,,2.448,,,1,0,0/0/1/0,,4.1,1,1,,,,,,../vol/soft/s6/wrap.mp4,valid,,,vol,245x242x117,250x216x118,249x223x118,4.97,117.1,104.8,130.9,82,1,0,1,0.108,0.9792~1.0019,0(0/0/0/0),1(0/0/1/0),1(0/0/1/0),5.5,1e+03,1,215.7,SUMMARY;入箱區塊
vol/soft/s2_400,../vol/soft/s2_400,vol_soft,10-02 11:25,wrap_vol.py --out soft/s2_400 --sheet_mm 400.0 --young 2000.0 --areal 0.1 --cont 0.002 --rest 0.0005 --until all --tuck 1,,vol-all,400x400,4,2,0.5,,,,,,,263,223,121,,,1.567,,,2,0,0/0/2/0,,0.3,1,2,,,,,,../vol/soft/s2_400/wrap.mp4,valid,,,vol,344x232x153,256x216x165,263x223x121,5.37,118.6,116.2,130.9,0,0,0,0,0.426,0.9858~1.0005,0(0/0/0/0),1(0/0/1/0),2(0/0/2/0),1.4,2e+03,1,185.5,SUMMARY;入箱區塊
vol/rect/r1,../vol/rect/r1,vol_rect,10-02 11:31,wrap_vol.py --out rect/r1 --sheet_mm 400.0 --young 2000.0 --areal 0.1 --cont 0.002 --rest 0.0005 --until all --tuck 1,,vol-all,490x436,4,2,0.5,,,,,,,256,223,122,,,1.765,,,0,0,0/0/0/0,,3.3,0,0,,,,,,../vol/rect/r1/wrap.mp4,valid,,,vol,253x232x124,252x216x122,256x223x122,5.28,112.0,101.9,130.9,44,3,0,0,0.495,0.9852~1.0010,0(0/0/0/0),0(0/0/0/0),0(0/0/0/0),0.7,2e+03,1,231.9,SUMMARY;入箱區塊
vol/rect/r2,../vol/rect/r2,vol_rect,10-02 11:36,wrap_vol.py --out rect/r2 --sheet_mm 400.0 --young 2000.0 --areal 0.1 --cont 0.002 --rest 0.0005 --until all --tuck 1,,vol-all,490x470,4,2,0.5,,,,,,,247,223,120,,,1.574,,,0,0,0/0/0/0,,7.0,0,0,,,,,,../vol/rect/r2/wrap.mp4,valid,,,vol,246x232x120,247x216x120,247x223x120,4.99,114.3,102.0,130.9,67,4,0,0,0.448,0.9864~1.0008,0(0/0/0/0),0(0/0/0/0),0(0/0/0/0),1.6,2e+03,1,274.7,SUMMARY;入箱區塊
vol/rect/r3,../vol/rect/r3,vol_rect,10-02 11:40,wrap_vol.py --out rect/r3 --sheet_mm 400.0 --young 2000.0 --areal 0.1 --cont 0.002 --rest 0.0005 --until all --tuck 1,,vol-all,460x436,4,2,0.5,,,,,,,255,223,115,,,1.562,,,0,0,0/0/0/0,,0.2,1,0,,,,,,../vol/rect/r3/wrap.mp4,valid,,,vol,250x235x116,251x216x115,255x223x115,4.94,131.2,127.5,130.9,40,0,0,0,0.391,0.9871~1.0008,0(0/0/0/0),1(0/1/0/0),0(0/0/0/0),2.5,2e+03,1,233.0,SUMMARY;入箱區塊
vol/rect/r2_tuck0,../vol/rect/r2_tuck0,vol_rect,10-02 11:44,wrap_vol.py --out rect/r2_tuck0 --sheet_mm 400.0 --young 2000.0 --areal 0.1 --cont 0.002 --rest 0.0005 --until all --tuck 0,,vol-all,490x470,4,2,0.5,,,,,,,248,223,119,,,2.126,,,1,0,0/0/1/0,,20.4,0,1,,,,,,../vol/rect/r2_tuck0/wrap.mp4,valid,,,vol,246x234x118,244x235x118,248x223x119,4.98,135.6,122.1,130.9,83,7,1,1,0.283,0.9742~1.0008,0(0/0/0/0),0(0/0/0/0),1(0/0/1/0),14.5,2e+03,0,208.0,SUMMARY;入箱區塊
